"Timestamp","Name (optional)","Age","Gender","1. Are you aware of  Elon Musk's plans of having a city on Mars?","2. Do you agree with having a human colony on Mars?","3. From your perspective, do you think the mission will succeed?","4. Is the mission a waste of money?","5. If you have a chance of having a trip and colonizing Mars, do you want to grab the opportunity?"
"2021/09/06 9:04:13 PM MDT","","15-20","Male","Yes","Yes","Yes","No","Yes"
"2021/09/07 12:21:07 AM MDT","Renzel","15-20","Male","Yes","Yes","Yes","Yes","Yes"
"2021/09/07 12:39:40 AM MDT","ILLUSTRISIMO, EDUARD RYAN L.","15-20","Male","Yes","Yes","Yes","No","Yes"
"2021/09/07 12:49:08 AM MDT","","15-20","Male","No","Yes","Yes","Yes","Yes"
"2021/09/07 12:49:21 AM MDT","","15-20","Female","Yes","No","Yes","Yes","No"
"2021/09/07 12:49:32 AM MDT","Renell Perez","21-25","Male","Yes","Yes","Yes","Yes","Yes"
"2021/09/07 12:50:10 AM MDT","","21-25","Male","Yes","Yes","No","No","No"
"2021/09/07 12:50:18 AM MDT","","15-20","Female","No","Yes","No","No","Yes"
"2021/09/07 12:55:01 AM MDT","","15-20","Male","Yes","Yes","Yes","No","Yes"
"2021/09/07 12:57:26 AM MDT","","15-20","Male","No","Yes","Yes","No","Yes"
"2021/09/07 1:02:19 AM MDT","","15-20","Female","No","Yes","Yes","No","Yes"
"2021/09/07 1:08:36 AM MDT","","15-20","Female","No","No","No","Yes","No"
"2021/09/07 1:16:47 AM MDT","","15-20","Female","No","No","No","No","Yes"
"2021/09/07 1:40:05 AM MDT","Christian","15-20","Male","No","No","No","Yes","Yes"
"2021/09/07 1:45:22 AM MDT","Ellie","15-20","Female","Yes","Yes","No","No","Yes"
"2021/09/07 1:51:17 AM MDT","Nilo C. Pablo","15-20","Male","No","No","Yes","No","Yes"
"2021/09/07 1:58:18 AM MDT","","21-25","Female","Yes","Yes","No","Yes","No"
"2021/09/07 2:00:02 AM MDT","","21-25","Female","Yes","Yes","Yes","No","Yes"
"2021/09/07 2:38:24 AM MDT","El","21-25","Female","Yes","No","Yes","No","Yes"
"2021/09/07 2:47:50 AM MDT","","15-20","Female","Yes","No","No","Yes","Yes"
"2021/09/07 2:57:55 AM MDT","Erica","21-25","Female","Yes","No","No","Yes","No"
"2021/09/07 3:33:06 AM MDT","","21-25","Male","Yes","No","No","Yes","Yes"
"2021/09/07 4:10:06 AM MDT","Alipoyo Eunice","15-20","Female","No","No","No","Yes","No"
"2021/09/07 4:13:54 AM MDT","Maylyn F. Camerino","21-25","Female","Yes","Yes","Yes","No","Yes"
"2021/09/07 5:08:13 AM MDT","patrick","15-20","Male","Yes","Yes","Yes","Yes","Yes"
"2021/09/07 7:23:25 AM MDT","Elladine Sarsona","15-20","Female","No","Yes","Yes","No","Yes"
"2021/09/07 7:42:24 AM MDT","","15-20","Female","Yes","Yes","Yes","No","Yes"
"2021/09/07 8:16:19 AM MDT","","15-20","Male","No","Yes","No","Yes","Yes"
"2021/09/07 9:03:53 AM MDT","","15-20","Female","Yes","No","No","Yes","No"
"2021/09/07 4:05:54 PM MDT","Xyril","15-20","Female","No","Yes","Yes","No","Yes"
"2021/09/07 9:17:04 PM MDT","Christian","15-20","Male","No","No","No","Yes","No"
"2021/09/07 9:22:59 PM MDT","Reign Kervie","21-25","Male","Yes","Yes","Yes","No","Yes"
"2021/09/07 9:42:34 PM MDT","Zilver","15-20","Male","Yes","Yes","Yes","No","Yes"
"2021/09/08 6:03:14 AM MDT","","15-20","Female","Yes","Yes","Yes","No","Yes"
"2021/09/08 6:04:27 AM MDT","","15-20","Female","Yes","Yes","Yes","No","Yes"
"2021/09/08 6:13:57 AM MDT","Hannah Rae","21-25","Female","Yes","No","No","Yes","No"
"2021/09/08 6:24:05 AM MDT","","15-20","Female","No","No","No","Yes","No"
"2021/09/08 6:38:05 AM MDT","Myrelle Tuyor","15-20","Female","No","Yes","No","Yes","Yes"
"2021/09/08 6:44:14 AM MDT","","15-20","Male","No","No","Yes","Yes","No"
"2021/09/08 6:54:44 AM MDT","Bien","21-25","Male","No","No","No","No","No"
"2021/09/08 7:41:04 PM MDT","","21-25","Male","Yes","No","No","Yes","No"
"2021/09/08 7:55:51 PM MDT","Rhianna O. Jaquilmac","15-20","Female","No","No","No","Yes","No"
"2021/09/08 7:58:02 PM MDT","Zedek acosta","15-20","Male","Yes","Yes","No","Yes","Yes"
"2021/09/08 11:37:28 PM MDT","","15-20","Male","Yes","Yes","Yes","No","Yes"
"2021/09/09 1:40:03 AM MDT","","15-20","Male","Yes","Yes","No","Yes","Yes"
"2021/09/09 11:31:14 PM MDT","","15-20","Male","No","Yes","Yes","No","Yes"
"2021/09/09 11:33:52 PM MDT","","15-20","Female","Yes","No","No","Yes","Yes"
"2021/09/09 11:33:58 PM MDT","","21-25","Female","Yes","Yes","Yes","No","Yes"
"2021/09/09 11:34:36 PM MDT","Ladi","15-20","Female","Yes","Yes","Yes","Yes","No"
"2021/09/09 11:35:01 PM MDT","Kyla","15-20","Female","Yes","No","Yes","Yes","No"
"2021/09/09 11:35:23 PM MDT","Cole","15-20","Female","Yes","No","Yes","No","Yes"
"2021/09/09 11:35:59 PM MDT","K","15-20","Female","Yes","Yes","Yes","Yes","Yes"
"2021/09/11 2:53:38 AM MDT","","15-20","Male","Yes","Yes","Yes","No","Yes"
"2021/09/11 2:53:57 AM MDT","","15-20","Female","No","Yes","Yes","No","Yes"
"2021/09/11 2:55:27 AM MDT","","21-25","Male","Yes","Yes","Yes","No","No"
"2021/09/11 2:55:43 AM MDT","","15-20","Male","No","No","No","Yes","No"
"2021/09/11 2:56:36 AM MDT","","21-25","Male","Yes","Yes","No","Yes","Yes"
"2021/09/11 2:57:02 AM MDT","","15-20","Male","Yes","No","Yes","Yes","Yes"
"2021/09/11 2:57:18 AM MDT","","15-20","Male","Yes","Yes","Yes","No","No"
"2021/09/11 2:58:27 AM MDT","","21-25","Male","Yes","Yes","No","No","Yes"
"2021/09/11 3:04:01 AM MDT","","15-20","Female","Yes","No","Yes","No","Yes"
"2021/09/12 3:44:29 AM MDT","","31-40","Male","Yes","Yes","Yes","Yes","No"
"2021/09/12 3:44:40 AM MDT","","26-30","Male","Yes","Yes","Yes","Yes","Yes"
"2021/09/12 3:46:02 AM MDT","","21-25","Male","Yes","Yes","Yes","Yes","Yes"
"2021/09/12 3:46:14 AM MDT","","21-25","Female","No","Yes","No","Yes","No"
"2021/09/12 3:46:25 AM MDT","","21-25","Male","Yes","No","No","No","Yes"
"2021/09/12 3:46:40 AM MDT","","40+","Prefer not to say","No","No","Yes","Yes","Yes"
"2021/09/12 6:45:24 AM MDT","","15-20","Female","No","Yes","Yes","No","Yes"
"2021/09/12 6:45:41 AM MDT","","21-25","Male","Yes","Yes","Yes","No","Yes"
"2021/09/12 6:45:58 AM MDT","","15-20","Male","Yes","Yes","Yes","No","Yes"
"2021/09/12 9:40:43 PM MDT","","21-25","Male","Yes","Yes","Yes","No","No"
"2021/09/12 9:42:42 PM MDT","","15-20","Male","Yes","Yes","Yes","No","Yes"
"2021/09/12 9:42:48 PM MDT","Trish","21-25","Female","Yes","Yes","Yes","No","Yes"
"2021/09/12 9:44:10 PM MDT","Andeng","21-25","Female","No","Yes","Yes","No","No"
"2021/09/12 9:44:39 PM MDT","Christian","21-25","Male","Yes","Yes","Yes","No","Yes"
"2021/09/12 9:46:06 PM MDT","Frank","21-25","Male","No","No","Yes","No","No"
"2021/09/12 9:46:42 PM MDT","William","21-25","Prefer not to say","No","No","No","Yes","No"
"2021/09/12 9:47:03 PM MDT","Josh","21-25","Male","No","Yes","Yes","No","Yes"
"2021/09/12 9:47:33 PM MDT","Kim","21-25","Female","Yes","Yes","Yes","No","Yes"
"2021/09/12 9:51:25 PM MDT","","21-25","Female","No","Yes","Yes","No","No"
"2021/09/12 9:55:13 PM MDT","","15-20","Male","Yes","Yes","Maybe","Maybe","Yes"
"2021/09/12 9:57:43 PM MDT","","21-25","Prefer not to say","Yes","Yes","Maybe","Maybe","Yes"
"2021/09/12 10:01:24 PM MDT","","26-30","Male","Yes","Yes","Maybe","Maybe","Yes"
"2021/09/12 10:01:40 PM MDT","","31-40","Male","Yes","Yes","No","Maybe","Yes"
"2021/09/12 10:01:59 PM MDT","","15-20","Male","Yes","No","Maybe","Maybe","No"
"2021/09/12 10:02:21 PM MDT","","21-25","Prefer not to say","No","No","Maybe","Maybe","Yes"
"2021/09/12 10:02:37 PM MDT","","31-40","Female","No","Yes","No","Maybe","Yes"
"2021/09/12 10:07:10 PM MDT","","15-20","Male","Yes","Yes","Maybe","Maybe","Yes"
"2021/09/12 10:08:52 PM MDT","","21-25","Female","No","No","Maybe","Maybe","No"
"2021/09/12 10:10:40 PM MDT","","15-20","Female","Yes","Yes","Maybe","Yes","Yes"
"2021/09/12 10:12:40 PM MDT","","15-20","Male","Yes","Yes","Maybe","No","Yes"
"2021/09/13 5:13:39 AM MDT","","15-20","Female","Yes","Yes","Maybe","Maybe","No"
"2021/09/13 7:12:45 PM MDT","","21-25","Male","Yes","Yes","Maybe","No","Yes"
"2021/09/13 7:13:24 PM MDT","","15-20","Male","Yes","Yes","Yes","No","Yes"
"2021/09/13 7:13:53 PM MDT","","15-20","Male","Yes","Yes","Maybe","Maybe","No"
"2021/09/13 7:14:37 PM MDT","","21-25","Male","Yes","No","No","Maybe","No"
"2021/09/14 4:52:42 AM MDT","","15-20","Male","Yes","Yes","Maybe","Maybe","No"
"2021/09/14 4:53:26 AM MDT","","21-25","Female","Yes","Yes","Maybe","No","No"
"2021/09/14 4:53:47 AM MDT","","21-25","Male","Yes","Yes","Maybe","Maybe","Yes"
"2021/09/14 4:54:08 AM MDT","","15-20","Female","No","Yes","Maybe","Maybe","Yes"